{
    "IIIT5K": 0.48,
    "svt": 0.5038639876352395,
    "IC13_857": 0.48891481913652274,
    "IC15_1811": 0.4218663721700718,
    "svtp": 0.5038759689922481,
    "ct80": 0.5729166666666666,
    "cocotext":0.2625303152789006,
    "ctw": 0.41857506361323155,
    "totaltext": 0.4057246706042708,
    "HOST": 0.34519867549668876,
    "WOST": 0.4105960264900662,
    "WordArt":0.514228987425546,
    "IAM": 0.289,
    "help":"we replace all special chars with \" \" instead of \"\", which is useful for MiniGPT4."
}
