{
    "IIIT5K": 0.4186666666666667,
    "svt": 0.42040185471406494,
    "IC13_857": 0.40956826137689617,
    "IC15_1811": 0.36554389839867474,
    "svtp": 0.4232558139534884,
    "ct80": 0.4965277777777778,
    "cocotext": 0.22685933710590137,
    "ctw": 0.3816793893129771,
    "totaltext": 0.3493866424352567,
    "HOST": 0.29387417218543044,
    "WOST": 0.34644039735099336,
    "WordArt": 0.47319655857048315,
    "ESTVQA_CN": 0.001,
    "ESTVQA_EN": 0.2836,
    "SROIE": 0.00039952057530962844,
    "ocrVQA": 0.1152,
    "STVQA": 0.1402,
    "textVQA": 0.1872,
    "docVQA": 0.029725182277061134,
    "FUNSD": 0.011904761904761904,
    "HME": 0.0,
    "POIE": 0.013130833728840373
}