{
    "textVQA": 0.4028,
    "docVQA": 0.06879790615068238,
    "ocrVQA": 0.2862,
    "STVQA": 0.2926,
    "ESTVQA_CN": 0.0044,
    "ESTVQA_EN": 0.4968,
    "SROIE": 0.006392329204954055,
    "IIIT5K": 0.7443333333333333,
    "svt": 0.7774343122102009,
    "IC13_857": 0.8214702450408401,
    "IC15_1811": 0.6521258972943126,
    "svtp": 0.7271317829457364,
    "ct80": 0.8194444444444444,
    "cocotext": 0.5042441390460792,
    "ctw": 0.6863867684478372,
    "totaltext": 0.6810540663334848,
    "HOST": 0.4780629139072848,
    "WOST": 0.6059602649006622,
    "WordArt": 0.7273328921244209,
    "HME": 0.0018,
    "FUNSD": 0.01020408163265306
}