{
    "IIIT5K": 0.7663333333333333,
    "svt": 0.8021638330757341,
    "IC13_857": 0.8296382730455076,
    "IC15_1811": 0.6935394809497515,
    "svtp": 0.7333333333333333,
    "ct80": 0.7604166666666666,
    "cocotext": 0.4867623282134196,
    "ctw": 0.6170483460559797,
    "totaltext": 0.6351658337119491,
    "HOST": 0.5699503311258278,
    "WOST": 0.6800496688741722,
    "WordArt": 0.7425545996029119,
    "IAM": 0.38033333333333336,
    "ReCTS": 0.0
}