{
    "it_exampaper_22": 0.019230769230769232,
    "it_exampaper_22_indoor_light_shadow_top_bend-in": 0.019230769230769232,
    "it_exampaper_22_indoor_light_top_wrinkle": 0.019230769230769232,
    "it_exampaper_22_outdoor_light_left_bend-in_wrinkle": 0.04854368932038835,
    "it_note_40": 0.10465116279069768,
    "it_note_40_indoor_light_right_crease": 0.11650485436893204,
    "it_note_40_indoor_light_top_crease_bend-in": 0.10430463576158941,
    "it_note_40_outdoor_underexposure_flashlight-off_left_crease_bend-in": 0.1357615894039735,
    "jp_note_43": 0.05851063829787234,
    "jp_note_43_indoor_light_right_crease": 1.0,
    "jp_note_43_indoor_light_top_bend-in_crease": 0.2222222222222222,
    "jp_note_43_outdoor_light_shadow_left_crease_bend-in": 0.2611111111111111,
    "ko_exampaper_27_outdoor_light_top_hold": 0.0,
    "zh-CHT_exampaper_25": 1.0,
    "zh-CHT_exampaper_25_indoor_light_down_wrinkle_bend-out": 1.0,
    "zh_exampaper_37": 0.21621621621621623,
    "zh_exampaper_37_indoor_light_right_wrinkle": 0.34675324675324676,
    "zh_exampaper_37_indoor_light_top_crease": 0.21501272264631044,
    "zh_exampaper_37_indoor_light_top_screen": 0.20747217806041335
}