{
    "de_financialreport_24": 0.12252475247524752,
    "de_financialreport_24_indoor_light_top_oblique": 0.25235849056603776,
    "de_financialreport_24_indoor_light_top_wrinkle": 0.22603550295857988,
    "de_financialreport_24_outdoor_light_top_wrinkle": 0.20544554455445543,
    "en_newspaper_22": 0.054016620498614956,
    "en_newspaper_22_indoor_light_top_bend-in": 0.2496508379888268,
    "en_newspaper_22_indoor_light_top_crease": 0.2045874953755087,
    "en_newspaper_22_outdoor_light_left_crease": 0.22049801515698303,
    "en_newspaper_23": 0.47973713033953996,
    "en_newspaper_23_indoor_light_top_bend-out_blur": 0.5399439383321654,
    "en_newspaper_23_indoor_light_top_wrinkle_blur": 0.5073529411764706,
    "en_newspaper_23_outdoor_light_down_wrinkle": 0.4845622956774428,
    "en_newspaper_24": 0.24139756484912653,
    "en_newspaper_24_indoor_irregular-light_top": 0.23089343379978472,
    "en_newspaper_24_indoor_irregular-light_top_crease": 0.3153368370759675,
    "en_newspaper_24_outdoor_light_left_crease": 0.22568511552928533,
    "en_paper_43": 0.06257668711656442,
    "en_paper_43_indoor_irregular-light_top": 0.3239263803680982,
    "en_paper_43_indoor_light_top_bend-in": 0.3312883435582822,
    "en_paper_43_outdoor_underexposure_flashlight-on_top_blur": 0.31901840490797545,
    "en_paper_44": 0.32142857142857145,
    "en_paper_44_indoor_light_down_bend-in": 0.2767134110211337,
    "en_paper_44_indoor_light_down_blur": 0.4921988766382359,
    "en_paper_44_outdoor_underexposure_flashlight-on_down_blur": 0.4859579779488246,
    "es_exampaper_49": 0.10218978102189781,
    "es_exampaper_49_indoor_light_right_crease": 0.12956204379562045,
    "es_exampaper_49_indoor_light_top_screen": 0.10218978102189781,
    "es_exampaper_49_outdoor_light_right_shadow": 0.10218978102189781,
    "fr_magazine_49": 0.010344827586206896,
    "fr_magazine_49_indoor_light_top_bend-in_wrinkle": 0.45849056603773586,
    "fr_magazine_49_indoor_light_top_wrinkle_shadow": 0.017123287671232876,
    "fr_magazine_49_outdoor_light_top_bend-in_wrinkle": 0.010344827586206896,
    "hi_book_24": 0.008287292817679558,
    "hi_book_24_indoor_light_down_crease": 0.008287292817679558,
    "hi_book_24_indoor_light_top_crease_bend-in": 0.11448275862068966,
    "hi_book_24_outdoor_light_top_crease_bend-in": 0.008287292817679558,
    "hi_book_25": 0.13297872340425532,
    "hi_book_25_indoor_light_down_bend-out": 0.4319148936170213,
    "hi_book_25_indoor_light_top_wrinkle": 0.4559841740850643,
    "hi_book_25_outdoor_light_left_bend-in_wrinkle": 0.4553191489361702,
    "hi_book_9": 0.12400561534861956,
    "hi_book_9_indoor_light_top_crease": 0.18488593155893537,
    "hi_book_9_indoor_light_top_crease_bend-in": 0.17725258493353027,
    "hi_book_9_outdoor_underexposure_flashlight-on_right_crease": 1.0,
    "id_academicpaper_34": 0.19031607262945527,
    "id_academicpaper_34_indoor_light_shadow_right_bend-in": 0.19838601210490922,
    "id_academicpaper_34_indoor_light_shadow_top_bend-in": 0.20107599193006054,
    "id_academicpaper_34_outdoor_light_shadow_top_wrinkle": 0.2716879623402825,
    "id_financialreport_11": 0.13196594427244582,
    "id_financialreport_11_indoor_light_top_bend-in": 0.15905572755417957,
    "id_financialreport_11_indoor_light_top_shadow": 0.08320433436532508,
    "id_financialreport_11_outdoor_light_top_shadow_bend-in": 0.5921052631578947,
    "id_newspaper_44": 0.4274193548387097,
    "id_newspaper_44_indoor_light_top_crease_bend-in_blur": 0.4290322580645161,
    "id_newspaper_44_indoor_light_top_crease_blur": 0.4274193548387097,
    "id_newspaper_44_outdoor_light_left_blur": 0.4338709677419355,
    "id_textbook_21": 0.05379746835443038,
    "id_textbook_21_indoor_light_top_bend-out": 0.05379746835443038,
    "id_textbook_21_indoor_light_top_wrinkle": 0.05379746835443038,
    "id_textbook_21_outdoor_underexposure_flashlight-on_top": 0.05379746835443038,
    "it_academicpaper_36": 0.0,
    "it_academicpaper_36_indoor_light_top_bend-in_blur": 0.0,
    "it_academicpaper_36_indoor_light_top_hold": 0.0,
    "it_academicpaper_36_outdoor_light_left_wrinkle": 0.011782032400589101,
    "it_financialreport_14": 0.07953326180257511,
    "it_financialreport_14_indoor_light_shadow_top_blur": 0.07805793991416309,
    "it_financialreport_14_indoor_light_top_bend-in_wrinkle": 0.10474785407725322,
    "it_financialreport_14_outdoor_light_shadow_top_wrinkle_hold": 0.1256706008583691,
    "it_financialreport_15": 0.24796173497119253,
    "it_financialreport_15_indoor_light_top": 0.3339233038348083,
    "it_financialreport_15_indoor_light_top_screen": 0.13544503368209831,
    "it_financialreport_15_outdoor_light_top": 0.2975835475578406,
    "jp_academicpaper_35": 0.023232323232323233,
    "jp_academicpaper_35_indoor_light_shadow_top_bend-out": 0.023232323232323233,
    "jp_academicpaper_35_indoor_light_top_shadow_wrinkle": 0.14814814814814814,
    "jp_academicpaper_35_indoor_underexposure_flashlight-on_top_wrinkle_bend-in_blur": 0.1335149863760218,
    "jp_exampaper_26": 0.06936416184971098,
    "jp_exampaper_26_indoor_light_top_bend-out": 0.06936416184971098,
    "jp_exampaper_26_indoor_light_top_wrinkle_bend-in": 0.12972972972972974,
    "jp_exampaper_26_outdoor_underexposure_flashlight-off_oblique_shadow_wrinkle": 0.1657754010695187,
    "jp_financialreport_14": 0.08639863130881095,
    "jp_financialreport_14_indoor_light_shadow_top_bend-in_crease": 0.0639759553456419,
    "jp_financialreport_14_indoor_light_shadow_top_crease": 0.06342088404868675,
    "jp_financialreport_14_outdoor_light_top_crease": 0.06627806563039723,
    "jp_note_43": 0.5743305632502308,
    "jp_note_43_indoor_light_right_crease": 0.5178970917225951,
    "jp_note_43_indoor_light_top_bend-in_crease": 0.5751811594202898,
    "jp_note_43_outdoor_light_shadow_left_crease_bend-in": 0.5011037527593819,
    "ko_academicpaper_37": 0.02040816326530612,
    "ko_academicpaper_37_indoor_light_top_wrinkle": 0.02040816326530612,
    "ko_academicpaper_37_indoor_underexposure_flashlight-on_top": 0.02040816326530612,
    "ko_academicpaper_37_outdoor_light_top_hold": 0.02040816326530612,
    "ko_exampaper_23": 0.1558073654390935,
    "ko_exampaper_23_indoor_light_top_bend-out": 0.07165109034267912,
    "ko_exampaper_23_outdoor_light_top": 0.07165109034267912,
    "ko_exampaper_23_underexposure_flashlight-off_light_top": 0.07165109034267912,
    "ko_financialreport_16": 0.0945089757127772,
    "ko_financialreport_16_indoor_light_left_wrinkle": 0.09767687434002112,
    "ko_financialreport_16_indoor_light_top_wrinkle": 0.0945089757127772,
    "ko_financialreport_16_outdoor_light_oblique_hold": 0.09503695881731784,
    "ko_newspaper_47": 0.48637137989778534,
    "ko_newspaper_47_indoor_light_top": 0.43476070528967253,
    "ko_newspaper_47_indoor_light_top_bend-in": 0.9078735940010713,
    "ko_newspaper_47_outdoor_underexposure_flashlight-on_oblique_blur": 0.49713349713349714,
    "nl_exampaper_24": 0.3955773955773956,
    "nl_exampaper_24_indoor_light_top_bend-in": 0.3955773955773956,
    "nl_exampaper_24_indoor_light_top_bend-in_hold": 0.3955773955773956,
    "nl_exampaper_24_outdoor_light_top_shadow": 0.3955773955773956,
    "nl_financialreport_11": 0.7328862810841017,
    "nl_financialreport_11_indoor_light_top_crease": 0.7641228939544104,
    "nl_financialreport_11_indoor_light_top_crease_bend-in": 0.24232887490165225,
    "nl_financialreport_11_outdoor_light_top_bend-out_shadow_wrinkle": 0.7600201663725737,
    "nl_financialreport_15": 0.23138297872340424,
    "nl_financialreport_15_indoor_light_oblique_wrinkle": 0.5025,
    "nl_financialreport_15_indoor_light_top_wrinkle": 0.3292035398230089,
    "nl_financialreport_15_outdoor_light_shadow_top_wrinkle": 0.12333333333333334,
    "pt_academicpaper_31": 0.0,
    "pt_academicpaper_31_indoor_down_shadow": 0.5334143377885784,