{
    "textVQA": 0.2118,
    "docVQA": 0.008225836604972891,
    "ocrVQA": 0.1058,
    "STVQA": 0.1336,
    "ESTVQA_CN": 0.0008,
    "ESTVQA_EN": 0.2702,
    "SROIE": 0.0,
    "IIIT5K": 0.224,
    "svt": 0.2982998454404946,
    "IC13_857": 0.48424737456242706,
    "IC15_1811": 0.13141910546659305,
    "svtp": 0.13798449612403102,
    "ct80": 0.3680555555555556,
    "cocotext": 0.08326596604688763,
    "ctw": 0.1921119592875318,
    "totaltext": 0.17492049068605178,
    "HOST": 0.16100993377483444,
    "WOST": 0.17839403973509935,
    "WordArt": 0.3117140966247518,
    "IAM": 0.085,
    "ReCTS": 0.0,
    "HME": 0.0,
    "FUNSD": 0.0,
    "POIE": 0.00015820281601012498
}