{   "IIIT5K":0.682,
    "svt":0.741885626,
    "IC13_857":0.740956826,
    "IC15_1811":0.636112645,
    "svtp":0.734883721,
    "ct80":0.677083333,
    "cocotext":0.455234438,
    "ctw":0.539440204,
    "totaltext":0.578373467,
    "HOST":0.481788079,
    "WOST": 0.605546357615894,
    "WordArt": 0.6062210456651225,
    "textVQA": 0.2908,
    "docVQA": 0.050476724621424565,
    "ocrVQA": 0.2782,
    "STVQA": 0.1932,
    "ESTVQA_CN": 0.0026,
    "ESTVQA_EN": 0.282,
    "SROIE": 0.0011985617259288853,
    "FUNSD": 0.008503401360544218,
    "POIE": 0.021199177345356746,
    "HME": 0.0
}