{
    "textVQA": 0.2886,
    "docVQA": 0.044868199663488505,
    "ocrVQA": 0.1136,
    "STVQA": 0.2208,
    "ESTVQA_EN": 0.3348,
    "ESTVQA_CN": 0.0016,
    "SROIE":0.0011985617259288853,
    "IIIT5K": 0.641,
    "svt": 0.6769706336939721,
    "IC13_857": 0.7071178529754959,
    "IC15_1811": 0.5897294312534511,
    "svtp": 0.6294573643410852,
    "ct80": 0.6111111111111112,
    "cocotext": 0.4171382376717866,
    "ctw": 0.5089058524173028,
    "totaltext": 0.5243071331213085,
    "HOST": 0.47392384105960267,
    "WOST": 0.5525662251655629,
    "WordArt": 0.6260754467240238,
    "FUNSD": 0.01020408163265306,
    "HME": 0.0004,
    "POIE": 0.0208827717133365,
    "IAM": 0.504,
    "ReCTS": 0.0
}