{
    "textVQA": 0.3218,
    "docVQA": 0.048607216302112545,
    "ocrVQA": 0.3074,
    "STVQA": 0.217,
    "ESTVQA_CN": 0.0004,
    "ESTVQA_EN": 0.4246,
    "SROIE": 0.001997602876548142,
    "IIIT5K": 0.766,
    "svt": 0.8377125193199382,
    "IC13_857": 0.8634772462077013,
    "IC15_1811": 0.7084483710657096,
    "svtp": 0.737984496124031,
    "ct80": 0.8090277777777778,
    "cocotext": 0.5010105092966856,
    "ctw": 0.6450381679389313,
    "totaltext": 0.6574284416174466,
    "HOST": 0.5716059602649006,
    "WOST": 0.6833609271523179,
    "WordArt": 0.7379219060225016,
    "HME": 0.0004,
    "FUNSD": 0.011904761904761904,
    "POIE": 0.025154247745609874
}